youtube_id,file_key,title,genre,gt_bpm,gt_ibi_bpm,det_bpm,settled_median,acc1,acc2,octave,rel_err,ac_bpm,ac_acc1,ac_acc2,locked_frac,final_conf,in_range,bucket,n_frames
0FOjmV66zf8,0272_teachmehowtojerk,Teach Me How to Jerk,Hip-Hop,97.0,97.00010993345822,66.0,82.0,False,False,off,0.31958762886597936,195.1,False,True,0.893093093093093,0.9567,True,080-100,3329
2Abk1jAONjw,0766_justdance,Just Dance,Pop,119.0,118.99992463338121,119.0,119.0,True,True,x1,0.0,119.4,True,True,1.0,0.9869,True,100-120,3329
5m-GUCSNxmc,0008_america,America,Metal,136.0,135.0001350001337,123.0,123.0,False,False,x1,0.09558823529411764,62.0,False,False,1.0,0.7672,True,120-140,3329
7vevOMWY6MY,0877_releasemenow,Whatchamacallit,Pop,128.0,128.0,112.0,112.0,False,False,off,0.125,112.7,False,False,1.0,0.9718,True,120-140,3329
8BRdY0NR08g,0741_iknowyoucare,I Know You Care,Pop,111.0,110.68007371292964,123.0,123.0,False,False,off,0.10810810810810811,200.0,False,False,0.24684684684684685,0.2599,True,100-120,3329
8ESdn0MuJWQ,0483_ridinsolo,Ridin' Solo,Dance/Electronic,90.0,89.99995500002245,90.0,90.0,True,True,x1,0.0,181.8,False,True,0.6678678678678679,0.915,True,080-100,3329
8gyLR4NfMiI,0435_lookatmenow,Look at Me Now,Hip-Hop,73.0,72.99998296667063,94.0,94.0,False,False,off,0.2876712328767123,210.5,False,True,0.0942942942942943,0.2448,True,060-080,3329
9VZhI5iafH0,0686_fortheloveofadaughter,For the Love of a Daughter,Pop,115.0,114.95992688548672,115.0,115.0,True,True,x1,0.0,76.9,False,False,0.8456456456456456,0.2143,True,100-120,3329
CfFlO6lHZ2g,0174_maythisbelove,May This Be Love,Classic Rock,94.0,94.59022725302084,89.0,91.0,False,False,x1,0.05319148936170213,190.5,False,True,0.7303303303303303,0.5036,True,080-100,3329
DkoeNLuMbcI,0125_hellogoodmorning,Hello Good Morning,Hip-Hop,104.0,104.00001386666966,104.0,104.0,True,True,x1,0.0,200.0,False,True,0.7171171171171171,0.9537,True,100-120,3329
MYRNGeIJMiQ,0333_allday,All Day,Pop,85.0,85.00004250002094,126.0,126.0,False,False,off,0.25882352941176473,200.0,False,False,0.578978978978979,0.5652,True,080-100,3329
Qa1AqKxakRM,0331_againstallodds,Against All Odds (Take a Look at Me Now),Pop,58.0,116.00008506672938,85.0,85.0,False,False,off,0.2672413793103448,210.5,False,False,0.3171171171171171,0.5471,False,<060,3329
SOPdS8jGaeI,0705_haditall,Had It All,Pop,75.0,75.00000000000027,88.0,88.0,False,False,off,0.17333333333333334,210.5,False,False,0.3111111111111111,0.6749,True,060-080,3329
T-sxSd1uwoU,0423_iwannago,I Wanna Go,Dance/Electronic,130.0,130.00013000012999,93.0,93.0,False,False,off,0.2846153846153846,135.6,False,False,0.6264264264264264,0.6734,True,120-140,3329
Urdlvw0SSEc,0666_fallin,Fallin',R&B,96.0,191.89990500954667,123.0,123.0,False,False,off,0.28125,186.0,False,True,0.4198198198198198,0.5028,True,080-100,3329
WBKnpyoFEBo,0831_noair,No Air,R&B,80.0,80.0,80.0,88.0,True,True,x1,0.0,200.0,False,False,0.17717717717717718,0.2266,True,080-100,3329
WxnN05vOuSM,0199_numberofthebeast2,The Number of the Beast,Metal,200.0,200.00000000001137,119.0,119.0,False,False,off,0.19,133.3,False,False,0.41621621621621624,0.743,False,>156,3329
XtE1TmikgIQ,0407_humpinaround,Humpin' Around,Hip-Hop,110.0,110.2499366062863,110.0,110.0,True,True,x1,0.0,67.2,False,False,1.0,0.9588,True,100-120,3329
Ys7-6_t7OEQ,0585_beautyandabeat,Beauty and a Beat,Pop,128.0,128.0,85.0,85.0,False,False,off,0.328125,200.0,False,False,0.16516516516516516,0.8019,True,120-140,3329
bx1Bh8ZvH84,0321_wonderwall,Wonderwall,Rock,87.0,87.05025846672605,88.0,82.0,True,True,x1,0.011494252873563218,173.9,False,True,0.6360360360360361,0.6702,True,080-100,3329
c7tOAGY59uQ,0003_6foot7foot,6 Foot 7 Foot,Hip-Hop,84.0,83.99996640001329,84.0,84.0,True,True,x1,0.0,170.2,False,True,0.9621621621621622,0.9578,True,080-100,3329
eQFIKP9rGhQ,0602_breaktheice,Break the Ice,Pop,117.0,117.50006854170661,118.0,118.0,True,True,x1,0.008547008547008548,119.4,True,True,1.0,0.9603,True,100-120,3329
ekAXPCphKXQ,0353_bottomsup,Bottoms Up,Hip-Hop,74.0,148.00014800014733,98.0,98.0,False,False,off,0.32432432432432434,148.1,False,True,0.5387387387387388,0.7852,True,060-080,3329
gte3BoXKwP0,0865_pocketfulofsunshine,Pocketful of Sunshine,Pop,110.0,109.99990833340891,110.0,110.0,True,True,x1,0.0,109.6,True,True,1.0,0.9871,True,100-120,3329
k6M5C-oKw9k,0813_missindependent,Miss Independent (album version),R&B,172.0,172.00010320006035,83.0,92.0,False,True,x1/2,0.03488372093023256,210.5,False,False,0.3267267267267267,0.4302,False,>156,3329
nvfejaHz-o0,0701_gottabeyou,Gotta Be You,Pop,85.0,85.00004250002094,84.0,84.0,True,True,x1,0.011764705882352941,177.8,False,False,0.7813813813813814,0.8447,True,080-100,3329
ocDlOD1Hw9k,0378_effinperfect,Fuckin' Perfect,Pop,92.0,91.99998773333465,95.0,109.0,True,True,x1,0.03260869565217391,177.8,False,True,0.2726726726726727,0.2921,True,080-100,3329
p-Z3YrHJ1sU,0919_stereolove,Stereo Love,Pop,126.0,126.87993774424454,127.0,127.0,True,True,x1,0.007936507936507936,127.0,True,True,1.0,0.8154,True,120-140,3329
pguzToB6I7g,0760_iwannarock,I Wanna Rock,Hip-Hop,91.0,90.99995298335794,93.0,87.0,True,True,x1,0.02197802197802198,195.1,False,False,0.47387387387387386,0.5612,True,080-100,3329
phOW-CZJWT0,0421_ittakestwo,It Takes Two,Hip-Hop,112.0,111.49991544589751,115.0,115.0,True,True,x1,0.026785714285714284,190.5,False,False,0.7453453453453454,0.9686,True,100-120,3329
r9DBFTZTKPI,0680_fixaheart,Fix a Heart,Pop,80.0,160.0,106.0,106.0,False,False,off,0.325,160.0,False,True,0.3003003003003003,0.7911,True,080-100,3329
rNqrKAyuA6M,0068_devilsisland,Devil’s Island,Metal,167.0,170.00008500004873,74.0,74.0,False,False,off,0.11377245508982035,156.9,False,False,0.7651651651651652,0.6224,False,>156,3329
vDWhfsQHq1o,0459_notoveryou,Not Over You,Pop,71.0,71.07000632523057,71.0,71.0,True,True,x1,0.0,140.4,False,True,0.6948948948948949,0.7894,True,060-080,3329
wCDIYvFmgW8,0304_weaponofchoice,Weapon of Choice,Dance/Electronic,98.0,98.0001437335435,98.0,98.0,True,True,x1,0.0,98.8,True,True,0.984984984984985,0.938,True,080-100,3329
ySzrJ4GRF7s,0091_fellonblackdays,Fell On Black Days,Grunge,101.0,101.21935584002003,102.0,102.0,True,True,x1,0.009900990099009901,101.3,True,True,0.7921921921921922,0.9852,True,100-120,3329
zJHqN_ND7xI,0706_halcyon,Halcyon,Pop,120.0,120.0,127.0,127.0,False,False,x1,0.058333333333333334,127.0,False,False,0.2930930930930931,0.9372,True,120-140,3329
